{"cameraMode":{"drawMode":0,"name":"Shaded","section":"Shading Mode"},"sceneLighting":true,"audioPlay":false,"sceneViewState":{"showFog":true,"showMaterialUpdate":false,"showSkybox":true,"showFlares":true,"showImageEffects":true,"showParticleSystems":true},"in2DMode":false,"pivot":{"x":0.11650276184082031,"y":0.030750812962651254,"z":-0.3384583294391632},"rotation":{"x":-0.0013199513778090478,"y":0.47503119707107546,"z":0.0007125450065359473,"w":0.8799676895141602},"size":1.6467149257659913,"orthographic":false}